Full Name,Biography,Followers Count,Following Count,ID,User Name,Media,Profile Link
Arun Thakur,,183,534,4053899350,thakur_a_r_u_n,30,https://www.instagram.com/thakur_a_r_u_n
Basith,New ig,10,4,5846816306,basthhhh_,0,https://www.instagram.com/basthhhh
meydina,"IG BARU! ! !.
Hello my friend Let's go with bahasa Inggris.",277,2,5325054188,mey.di.na,11,https://www.instagram.com/mey.di.n
Biranchi Goutam,,17,10,5412435701,biranchigoutam,16,https://www.instagram.com/biranchigoutam
Ardhy Kristino,,237,34,5419923565,ardhy_zhodel,3,https://www.instagram.com/ardhy_zhodel
Yoedha Putra Pratama,,207,97,4608886315,yoedhaputra,6,https://www.instagram.com/yoedhaputr
pradipta,WA : 083899233483,181,398,4489447825,bintanpradipta_24,62,https://www.instagram.com/bintanpradipta_24
Avinash Singh,,607,189,3886140585,supar.s_avinash,56,https://www.instagram.com/supar.s_avinash
Vincentius Raditya,,299,343,2293159642,vincentradit,15,https://www.instagram.com/vincentradit
Iya,Mandahiliang (minang),638,254,1582414764,maiya_yuniush,14,https://www.instagram.com/maiya_yuniush
Halim Ahmad,,158,152,4483186496,halim.ahmad_,3,https://www.instagram.com/halim.ahmad
Amelia Sari Gunawan,,14,47,5844955956,ameliasarigunawan,7,https://www.instagram.com/ameliasarigunawan
Jhonatan Mix,,537,22,5775379006,mix_jhonatan,4,https://www.instagram.com/mix_jhonatan
,"Schaffen wir 80???
Hier kommt jeden tag 1 neues bild",74,148,4276867610,nichtyuns,21,https://www.instagram.com/nichtyuns
Jaka Irwandi,Thankful not because of happiness but happy because always grateful,2801,146,3433568661,jaka_erci19,34,https://www.instagram.com/jaka_erci19
Letizia Ruggeri,"Tattooer 
St.Ink Tattoo Family, San Vittore O. pz.Europa, 2
leti.ruggeri@gmail.com 
www.facebook.com/letizia.ruggeri.tattoo",356,228,40572912,leti.ruggeri,32,https://www.instagram.com/leti.ruggeri
_Sun_Shine_,"#Hey stalkers
#Candle blow & Cutting cake on 12 Nov...
#Respect Woman
#Guy Like No ATTITUDE
#Bechelorette
#Sincerety
#Be Happy & Allways keep smile__",2338,1359,2207619642,_sam_ahuja_,65,https://www.instagram.com/_sam_ahuj
Alvin Abrori,"ALVIN ABRORI
Line:alvinabrori23
Keep calm",319,792,1922718072,alvinabrori,14,https://www.instagram.com/alvinabrori
Reza Satria,+789. nocturnal.,583,263,1690736627,rzstr,40,https://www.instagram.com/rzstr
aynah,,0,1,5848186453,aynah_adham,1,https://www.instagram.com/aynah_adham
TJK Magazine,Official Instagram of TJK Magazine!,236,1506,5415110051,tjk_magazine,1,https://www.instagram.com/tjk_magazine
Gioele Fontana,,25,92,5753737101,_giofont_,1,https://www.instagram.com/_giofont
Pierluigi Ippolito,#Maiunagioia,949,711,3165859142,pierluigiippolito,110,https://www.instagram.com/pierluigiippolito
